Workbook
Name lDiocesis: Parámetros!$A$2:$A$46
Name lNComunidad: Parámetros!$E$2:$E$31
Name lPasos: Parámetros!$C$2:$C$18

Sheet Registrar aquí
A1: CENTRO NEOCATECUMENAL ARQUIDIOCESANO - LIMA Psje. Los Camaroneros 499 - Rímac Telf. 481 6668 - 482 4053
B2: DATOS GENERALES
B4: Por favor, registra la información solicitada.
B6: INFORMACIÓN GENERAL
B8: ¿Es parroquia o capilla? | C8: Parroquia | D8: ç Haga click aquí para seleccionar.
B9: ¿De qué parroquia depende?
B11: ="DE LA "&UPPER(C8) -> DE LA PARROQUIA
B12: ="Nombre de la "&C8 -> Nombre de la Parroquia
B15: DE LA COMUNIDAD
B16: Número de comunidad | D16: ç Haga click aquí para seleccionar.
B17: Fecha de nacimiento de la comunidad
B18: Catequizados por (N° comunidad y parroquia)
B19: Nombre del catequista
B21: Número de hermanos | C21: =SUM(C22*2,C23,C24,C25) -> 0
B22: Matrimonios
B23: Hombres
B24: Mujeres
B25: Presbíteros
B27: N° aproximado de hnos. que caminan:
B29: Último paso | D29: ç Haga click aquí para seleccionar el paso.
B30: Fecha del paso
B31: ¿Hubo rito? | D31: ç Haga click aquí para seleccionar.
B33: Nombres y apellidos | C33: Domicilio | D33: Teléfono fijo | E33: Celular
B34: RESPONSABLE
C36: Correo electrónico:
B37: VICE-RESPONSABLE
C39: Correo electrónico:
B40: PRESBÍTEROS DE LA COMUNIDAD
B46: CORRESPONSABLES
B52: 1er. EQUIPO DE CATEQUISTAS (En caso de tenerlo)
C54: Correo electrónico
B60: 2do. EQUIPO DE CATEQUISTAS (En caso de tenerlo)
C62: Correo electrónico
B68: 3er. EQUIPO DE CATEQUISTAS (En caso de tenerlo)
C70: Correo electrónico
B76: 4to. EQUIPO DE CATEQUISTAS (En caso de tenerlo)
C78: Correo electrónico
C85: Total de hnos. que conforman los equipos catequistas
B87: CARISMAS
B88: ITINERANTES
B89: Nombres y apellidos | C89: Zona de misión | D89: Teléfono fijo | E89: Celular
B98: FAMILIAS EN MISIÓN
B99: Nombres y apellidos | C99: Zona de misión | D99: Teléfono fijo | E99: Celular
B108: SEMINARISTAS
B109: Nombres y apellidos | C109: Seminario | D109: Teléfono fijo | E109: Celular
B116: Nombres y apellidos | C116: Domicilio | D116: Teléfono fijo | E116: Celular
B117: RESPONSABLE DE CANTOS
B119: RESPONSABLE DE LECTORES
B121: OSTIARIO
B123: MAESTRO DE NIÑOS
C127: Nombre del responsable
C128: Fecha

Sheet Hoja para Impresión
A1: CENTRO NEOCATECUMENAL ARQUIDIOCESANO - LIMA Psje. Los Camaroneros 499 - Rímac Telf. 481 6668 - 482 4053
B3: =UPPER('Registrar aquí'!C8) -> PARROQUIA
B4: =IF('Registrar aquí'!C8="Parroquia","Nombre: "&'Registrar aquí'!C12,"Capilla: "&'Registrar aquí'!C12&" (Depende de la parroquia "&'Registrar aquí'!C9&")") -> Nombre:
B6: DE LA COMUNIDAD
B7: Nº de COMUNIDAD | C7: =VLOOKUP('Registrar aquí'!C16,Parámetros!E2:$G$26,3,FALSE) -> #N/A
B9: Nº de HERMANOS | C9: ='Registrar aquí'!C21 -> 0
B10: Matrimonios | C10: ='Registrar aquí'!C22 -> 0
B11: Hombres | C11: ='Registrar aquí'!C23 -> 0
B12: Mujeres | C12: ='Registrar aquí'!C24 -> 0
B13: Presbíteros | C13: ='Registrar aquí'!C25 -> 0
B15: Catequizados por | C15: ='Registrar aquí'!C18&"."&'Registrar aquí'!C19 -> .
B16: Fecha de nacimiento de la comunidad | C16: ='Registrar aquí'!C17 -> 0
B17: Paso | C17: ='Registrar aquí'!C29 -> 0
B18: Fecha del paso | C18: =TEXT('Registrar aquí'!C30,"dd/mm/yyyy")&". "&IF('Registrar aquí'!C31="Si","Hubo rito.","No hubo rito.") -> 00/01/1900. No hubo rito.
B20: EQUIPO CATEQUISTA/RESPONSABLE
B21: Nombres y apellidos | C21: Domicilio | D21: Teléfono fijo | E21: Teléfono móvil
B22: RESPONSABLE
B23: =IF(ISBLANK('Registrar aquí'!B35),"",'Registrar aquí'!B35) | C23: =IF(ISBLANK('Registrar aquí'!C35),"",'Registrar aquí'!C35) | D23: =IF(ISBLANK('Registrar aquí'!D35),"",'Registrar aquí'!D35) | E23: =IF(ISBLANK('Registrar aquí'!E35),"",'Registrar aquí'!E35)
C24: Correo electrónico | D24: =IF(ISBLANK('Registrar aquí'!D36),"",'Registrar aquí'!D36)
B25: VICE-RESPONSABLE
B26: =IF(ISBLANK('Registrar aquí'!B38),"",'Registrar aquí'!B38) | C26: =IF(ISBLANK('Registrar aquí'!C38),"",'Registrar aquí'!C38) | D26: =IF(ISBLANK('Registrar aquí'!D38),"",'Registrar aquí'!D38) | E26: =IF(ISBLANK('Registrar aquí'!E38),"",'Registrar aquí'!E38)
C27: Correo electrónico | D27: =IF(ISBLANK('Registrar aquí'!D39),"",'Registrar aquí'!D39)
B28: PRESBÍTEROS DE LA COMUNIDAD
B29: =IF(ISBLANK('Registrar aquí'!B41),"",'Registrar aquí'!B41) | C29: =IF(ISBLANK('Registrar aquí'!C41),"",'Registrar aquí'!C41) | D29: =IF(ISBLANK('Registrar aquí'!D41),"",'Registrar aquí'!D41) | E29: =IF(ISBLANK('Registrar aquí'!E41),"",'Registrar aquí'!E41)
B30: =IF(ISBLANK('Registrar aquí'!B42),"",'Registrar aquí'!B42) | C30: =IF(ISBLANK('Registrar aquí'!C42),"",'Registrar aquí'!C42) | D30: =IF(ISBLANK('Registrar aquí'!D42),"",'Registrar aquí'!D42) | E30: =IF(ISBLANK('Registrar aquí'!E42),"",'Registrar aquí'!E42)
B31: =IF(ISBLANK('Registrar aquí'!B43),"",'Registrar aquí'!B43) | C31: =IF(ISBLANK('Registrar aquí'!C43),"",'Registrar aquí'!C43) | D31: =IF(ISBLANK('Registrar aquí'!D43),"",'Registrar aquí'!D43) | E31: =IF(ISBLANK('Registrar aquí'!E43),"",'Registrar aquí'!E43)
B32: =IF(ISBLANK('Registrar aquí'!B44),"",'Registrar aquí'!B44) | C32: =IF(ISBLANK('Registrar aquí'!C44),"",'Registrar aquí'!C44) | D32: =IF(ISBLANK('Registrar aquí'!D44),"",'Registrar aquí'!D44) | E32: =IF(ISBLANK('Registrar aquí'!E44),"",'Registrar aquí'!E44)
B33: =IF(ISBLANK('Registrar aquí'!B45),"",'Registrar aquí'!B45) | C33: =IF(ISBLANK('Registrar aquí'!C45),"",'Registrar aquí'!C45) | D33: =IF(ISBLANK('Registrar aquí'!D45),"",'Registrar aquí'!D45) | E33: =IF(ISBLANK('Registrar aquí'!E45),"",'Registrar aquí'!E45)
B34: CORRESPONSABLES
B35: =IF(ISBLANK('Registrar aquí'!B47),"",'Registrar aquí'!B47) | C35: =IF(ISBLANK('Registrar aquí'!C47),"",'Registrar aquí'!C47) | D35: =IF(ISBLANK('Registrar aquí'!D47),"",'Registrar aquí'!D47) | E35: =IF(ISBLANK('Registrar aquí'!E47),"",'Registrar aquí'!E47)
B36: =IF(ISBLANK('Registrar aquí'!B48),"",'Registrar aquí'!B48) | C36: =IF(ISBLANK('Registrar aquí'!C48),"",'Registrar aquí'!C48) | D36: =IF(ISBLANK('Registrar aquí'!D48),"",'Registrar aquí'!D48) | E36: =IF(ISBLANK('Registrar aquí'!E48),"",'Registrar aquí'!E48)
B37: =IF(ISBLANK('Registrar aquí'!B49),"",'Registrar aquí'!B49) | C37: =IF(ISBLANK('Registrar aquí'!C49),"",'Registrar aquí'!C49) | D37: =IF(ISBLANK('Registrar aquí'!D49),"",'Registrar aquí'!D49) | E37: =IF(ISBLANK('Registrar aquí'!E49),"",'Registrar aquí'!E49)
B38: =IF(ISBLANK('Registrar aquí'!B50),"",'Registrar aquí'!B50) | C38: =IF(ISBLANK('Registrar aquí'!C50),"",'Registrar aquí'!C50) | D38: =IF(ISBLANK('Registrar aquí'!D50),"",'Registrar aquí'!D50) | E38: =IF(ISBLANK('Registrar aquí'!E50),"",'Registrar aquí'!E50)
B39: =IF(ISBLANK('Registrar aquí'!B51),"",'Registrar aquí'!B51) | C39: =IF(ISBLANK('Registrar aquí'!C51),"",'Registrar aquí'!C51) | D39: =IF(ISBLANK('Registrar aquí'!D51),"",'Registrar aquí'!D51) | E39: =IF(ISBLANK('Registrar aquí'!E51),"",'Registrar aquí'!E51)
B40: 1er. EQUIPO DE CATEQUISTAS (En caso de tenerlo)
B41: =IF(ISBLANK('Registrar aquí'!B53),"",'Registrar aquí'!B53) | C41: =IF(ISBLANK('Registrar aquí'!C53),"",'Registrar aquí'!C53) | D41: =IF(ISBLANK('Registrar aquí'!D53),"",'Registrar aquí'!D53) | E41: =IF(ISBLANK('Registrar aquí'!E53),"",'Registrar aquí'!E53)
C42: Correo electrónico | D42: =IF(ISBLANK('Registrar aquí'!D54),"",'Registrar aquí'!D54)
B43: =IF(ISBLANK('Registrar aquí'!B55),"",'Registrar aquí'!B55) | C43: =IF(ISBLANK('Registrar aquí'!C55),"",'Registrar aquí'!C55) | D43: =IF(ISBLANK('Registrar aquí'!D55),"",'Registrar aquí'!D55) | E43: =IF(ISBLANK('Registrar aquí'!E55),"",'Registrar aquí'!E55)
B44: =IF(ISBLANK('Registrar aquí'!B56),"",'Registrar aquí'!B56) | C44: =IF(ISBLANK('Registrar aquí'!C56),"",'Registrar aquí'!C56) | D44: =IF(ISBLANK('Registrar aquí'!D56),"",'Registrar aquí'!D56) | E44: =IF(ISBLANK('Registrar aquí'!E56),"",'Registrar aquí'!E56)
B45: =IF(ISBLANK('Registrar aquí'!#REF!),"",'Registrar aquí'!#REF!) -> #REF! | C45: =IF(ISBLANK('Registrar aquí'!#REF!),"",'Registrar aquí'!#REF!) -> #REF! | D45: =IF(ISBLANK('Registrar aquí'!#REF!),"",'Registrar aquí'!#REF!) -> #REF! | E45: =IF(ISBLANK('Registrar aquí'!#REF!),"",'Registrar aquí'!#REF!) -> #REF!
B46: =IF(ISBLANK('Registrar aquí'!#REF!),"",'Registrar aquí'!#REF!) -> #REF! | C46: =IF(ISBLANK('Registrar aquí'!#REF!),"",'Registrar aquí'!#REF!) -> #REF! | D46: =IF(ISBLANK('Registrar aquí'!#REF!),"",'Registrar aquí'!#REF!) -> #REF! | E46: =IF(ISBLANK('Registrar aquí'!#REF!),"",'Registrar aquí'!#REF!) -> #REF!
B47: =IF(ISBLANK('Registrar aquí'!B57),"",'Registrar aquí'!B57) | C47: =IF(ISBLANK('Registrar aquí'!C57),"",'Registrar aquí'!C57) | D47: =IF(ISBLANK('Registrar aquí'!D57),"",'Registrar aquí'!D57) | E47: =IF(ISBLANK('Registrar aquí'!E57),"",'Registrar aquí'!E57)
B48: =IF(ISBLANK('Registrar aquí'!B58),"",'Registrar aquí'!B58) | C48: =IF(ISBLANK('Registrar aquí'!C58),"",'Registrar aquí'!C58) | D48: =IF(ISBLANK('Registrar aquí'!D58),"",'Registrar aquí'!D58) | E48: =IF(ISBLANK('Registrar aquí'!E58),"",'Registrar aquí'!E58)
B49: =IF(ISBLANK('Registrar aquí'!B59),"",'Registrar aquí'!B59) | C49: =IF(ISBLANK('Registrar aquí'!C59),"",'Registrar aquí'!C59) | D49: =IF(ISBLANK('Registrar aquí'!D59),"",'Registrar aquí'!D59) | E49: =IF(ISBLANK('Registrar aquí'!E59),"",'Registrar aquí'!E59)
B50: 2do. EQUIPO DE CATEQUISTAS (En caso de tenerlo)
B51: =IF(ISBLANK('Registrar aquí'!B61),"",'Registrar aquí'!B61) | C51: =IF(ISBLANK('Registrar aquí'!C61),"",'Registrar aquí'!C61) | D51: =IF(ISBLANK('Registrar aquí'!D61),"",'Registrar aquí'!D61) | E51: =IF(ISBLANK('Registrar aquí'!E61),"",'Registrar aquí'!E61)
C52: Correo electrónico | D52: =IF(ISBLANK('Registrar aquí'!D62),"",'Registrar aquí'!D62)
B53: =IF(ISBLANK('Registrar aquí'!B63),"",'Registrar aquí'!B63) | C53: =IF(ISBLANK('Registrar aquí'!C63),"",'Registrar aquí'!C63) | D53: =IF(ISBLANK('Registrar aquí'!D63),"",'Registrar aquí'!D63) | E53: =IF(ISBLANK('Registrar aquí'!E63),"",'Registrar aquí'!E63)
B54: =IF(ISBLANK('Registrar aquí'!B64),"",'Registrar aquí'!B64) | C54: =IF(ISBLANK('Registrar aquí'!C64),"",'Registrar aquí'!C64) | D54: =IF(ISBLANK('Registrar aquí'!D64),"",'Registrar aquí'!D64) | E54: =IF(ISBLANK('Registrar aquí'!E64),"",'Registrar aquí'!E64)
B55: =IF(ISBLANK('Registrar aquí'!#REF!),"",'Registrar aquí'!#REF!) -> #REF! | C55: =IF(ISBLANK('Registrar aquí'!#REF!),"",'Registrar aquí'!#REF!) -> #REF! | D55: =IF(ISBLANK('Registrar aquí'!#REF!),"",'Registrar aquí'!#REF!) -> #REF! | E55: =IF(ISBLANK('Registrar aquí'!#REF!),"",'Registrar aquí'!#REF!) -> #REF!
B56: =IF(ISBLANK('Registrar aquí'!#REF!),"",'Registrar aquí'!#REF!) -> #REF! | C56: =IF(ISBLANK('Registrar aquí'!#REF!),"",'Registrar aquí'!#REF!) -> #REF! | D56: =IF(ISBLANK('Registrar aquí'!#REF!),"",'Registrar aquí'!#REF!) -> #REF! | E56: =IF(ISBLANK('Registrar aquí'!#REF!),"",'Registrar aquí'!#REF!) -> #REF!
B57: =IF(ISBLANK('Registrar aquí'!B65),"",'Registrar aquí'!B65) | C57: =IF(ISBLANK('Registrar aquí'!C65),"",'Registrar aquí'!C65) | D57: =IF(ISBLANK('Registrar aquí'!D65),"",'Registrar aquí'!D65) | E57: =IF(ISBLANK('Registrar aquí'!E65),"",'Registrar aquí'!E65)
B58: =IF(ISBLANK('Registrar aquí'!B66),"",'Registrar aquí'!B66) | C58: =IF(ISBLANK('Registrar aquí'!C66),"",'Registrar aquí'!C66) | D58: =IF(ISBLANK('Registrar aquí'!D66),"",'Registrar aquí'!D66) | E58: =IF(ISBLANK('Registrar aquí'!E66),"",'Registrar aquí'!E66)
B59: =IF(ISBLANK('Registrar aquí'!B67),"",'Registrar aquí'!B67) | C59: =IF(ISBLANK('Registrar aquí'!C67),"",'Registrar aquí'!C67) | D59: =IF(ISBLANK('Registrar aquí'!D67),"",'Registrar aquí'!D67) | E59: =IF(ISBLANK('Registrar aquí'!E67),"",'Registrar aquí'!E67)
B60: 3er. EQUIPO DE CATEQUISTAS (En caso de tenerlo)
B61: =IF(ISBLANK('Registrar aquí'!B69),"",'Registrar aquí'!B69) | C61: =IF(ISBLANK('Registrar aquí'!C69),"",'Registrar aquí'!C69) | D61: =IF(ISBLANK('Registrar aquí'!D69),"",'Registrar aquí'!D69) | E61: =IF(ISBLANK('Registrar aquí'!E69),"",'Registrar aquí'!E69)
C62: Correo electrónico | D62: =IF(ISBLANK('Registrar aquí'!D70),"",'Registrar aquí'!D70)
B63: =IF(ISBLANK('Registrar aquí'!B71),"",'Registrar aquí'!B71) | C63: =IF(ISBLANK('Registrar aquí'!C71),"",'Registrar aquí'!C71) | D63: =IF(ISBLANK('Registrar aquí'!D71),"",'Registrar aquí'!D71) | E63: =IF(ISBLANK('Registrar aquí'!E71),"",'Registrar aquí'!E71)
B64: =IF(ISBLANK('Registrar aquí'!#REF!),"",'Registrar aquí'!#REF!) -> #REF! | C64: =IF(ISBLANK('Registrar aquí'!#REF!),"",'Registrar aquí'!#REF!) -> #REF! | D64: =IF(ISBLANK('Registrar aquí'!#REF!),"",'Registrar aquí'!#REF!) -> #REF! | E64: =IF(ISBLANK('Registrar aquí'!#REF!),"",'Registrar aquí'!#REF!) -> #REF!
B65: =IF(ISBLANK('Registrar aquí'!#REF!),"",'Registrar aquí'!#REF!) -> #REF! | C65: =IF(ISBLANK('Registrar aquí'!#REF!),"",'Registrar aquí'!#REF!) -> #REF! | D65: =IF(ISBLANK('Registrar aquí'!#REF!),"",'Registrar aquí'!#REF!) -> #REF! | E65: =IF(ISBLANK('Registrar aquí'!#REF!),"",'Registrar aquí'!#REF!) -> #REF!
B66: =IF(ISBLANK('Registrar aquí'!B72),"",'Registrar aquí'!B72) | C66: =IF(ISBLANK('Registrar aquí'!C72),"",'Registrar aquí'!C72) | D66: =IF(ISBLANK('Registrar aquí'!D72),"",'Registrar aquí'!D72) | E66: =IF(ISBLANK('Registrar aquí'!E72),"",'Registrar aquí'!E72)
B67: =IF(ISBLANK('Registrar aquí'!B73),"",'Registrar aquí'!B73) | C67: =IF(ISBLANK('Registrar aquí'!C73),"",'Registrar aquí'!C73) | D67: =IF(ISBLANK('Registrar aquí'!D73),"",'Registrar aquí'!D73) | E67: =IF(ISBLANK('Registrar aquí'!E73),"",'Registrar aquí'!E73)
B68: =IF(ISBLANK('Registrar aquí'!B74),"",'Registrar aquí'!B74) | C68: =IF(ISBLANK('Registrar aquí'!C74),"",'Registrar aquí'!C74) | D68: =IF(ISBLANK('Registrar aquí'!D74),"",'Registrar aquí'!D74) | E68: =IF(ISBLANK('Registrar aquí'!E74),"",'Registrar aquí'!E74)
B69: =IF(ISBLANK('Registrar aquí'!B75),"",'Registrar aquí'!B75) | C69: =IF(ISBLANK('Registrar aquí'!C75),"",'Registrar aquí'!C75) | D69: =IF(ISBLANK('Registrar aquí'!D75),"",'Registrar aquí'!D75) | E69: =IF(ISBLANK('Registrar aquí'!E75),"",'Registrar aquí'!E75)
B70: 4to. EQUIPO DE CATEQUISTAS (En caso de tenerlo)
B71: =IF(ISBLANK('Registrar aquí'!B77),"",'Registrar aquí'!B77) | C71: =IF(ISBLANK('Registrar aquí'!C77),"",'Registrar aquí'!C77) | D71: =IF(ISBLANK('Registrar aquí'!D77),"",'Registrar aquí'!D77) | E71: =IF(ISBLANK('Registrar aquí'!E77),"",'Registrar aquí'!E77)
C72: Correo electrónico | D72: =IF(ISBLANK('Registrar aquí'!D78),"",'Registrar aquí'!D78)
B73: =IF(ISBLANK('Registrar aquí'!B79),"",'Registrar aquí'!B79) | C73: =IF(ISBLANK('Registrar aquí'!C79),"",'Registrar aquí'!C79) | D73: =IF(ISBLANK('Registrar aquí'!D79),"",'Registrar aquí'!D79) | E73: =IF(ISBLANK('Registrar aquí'!E79),"",'Registrar aquí'!E79)
B74: =IF(ISBLANK('Registrar aquí'!#REF!),"",'Registrar aquí'!#REF!) -> #REF! | C74: =IF(ISBLANK('Registrar aquí'!#REF!),"",'Registrar aquí'!#REF!) -> #REF! | D74: =IF(ISBLANK('Registrar aquí'!#REF!),"",'Registrar aquí'!#REF!) -> #REF! | E74: =IF(ISBLANK('Registrar aquí'!#REF!),"",'Registrar aquí'!#REF!) -> #REF!
B75: =IF(ISBLANK('Registrar aquí'!#REF!),"",'Registrar aquí'!#REF!) -> #REF! | C75: =IF(ISBLANK('Registrar aquí'!#REF!),"",'Registrar aquí'!#REF!) -> #REF! | D75: =IF(ISBLANK('Registrar aquí'!#REF!),"",'Registrar aquí'!#REF!) -> #REF! | E75: =IF(ISBLANK('Registrar aquí'!#REF!),"",'Registrar aquí'!#REF!) -> #REF!
B76: =IF(ISBLANK('Registrar aquí'!B80),"",'Registrar aquí'!B80) | C76: =IF(ISBLANK('Registrar aquí'!C80),"",'Registrar aquí'!C80) | D76: =IF(ISBLANK('Registrar aquí'!D80),"",'Registrar aquí'!D80) | E76: =IF(ISBLANK('Registrar aquí'!E80),"",'Registrar aquí'!E80)
B77: =IF(ISBLANK('Registrar aquí'!B81),"",'Registrar aquí'!B81) | C77: =IF(ISBLANK('Registrar aquí'!C81),"",'Registrar aquí'!C81) | D77: =IF(ISBLANK('Registrar aquí'!D81),"",'Registrar aquí'!D81) | E77: =IF(ISBLANK('Registrar aquí'!E81),"",'Registrar aquí'!E81)
B78: =IF(ISBLANK('Registrar aquí'!B82),"",'Registrar aquí'!B82) | C78: =IF(ISBLANK('Registrar aquí'!C82),"",'Registrar aquí'!C82) | D78: =IF(ISBLANK('Registrar aquí'!D82),"",'Registrar aquí'!D82) | E78: =IF(ISBLANK('Registrar aquí'!E82),"",'Registrar aquí'!E82)
B79: =IF(ISBLANK('Registrar aquí'!B83),"",'Registrar aquí'!B83) | C79: =IF(ISBLANK('Registrar aquí'!C83),"",'Registrar aquí'!C83) | D79: =IF(ISBLANK('Registrar aquí'!D83),"",'Registrar aquí'!D83) | E79: =IF(ISBLANK('Registrar aquí'!E83),"",'Registrar aquí'!E83)
C81: Total de hnos. que conforman los equipos catequistas | D81: =IF(ISBLANK('Registrar aquí'!D85),"",'Registrar aquí'!D85)
B83: CARISMAS
B84: ITINERANTES
B85: Nombres y apellidos | C85: Zona de misión | D85: Teléfono fijo | E85: Celular
B86: =IF(ISBLANK('Registrar aquí'!B90),"",'Registrar aquí'!B90) | C86: =IF(ISBLANK('Registrar aquí'!C90),"",'Registrar aquí'!C90) | D86: =IF(ISBLANK('Registrar aquí'!D90),"",'Registrar aquí'!D90) | E86: =IF(ISBLANK('Registrar aquí'!E90),"",'Registrar aquí'!E90)
B87: =IF(ISBLANK('Registrar aquí'!B91),"",'Registrar aquí'!B91) | C87: =IF(ISBLANK('Registrar aquí'!C91),"",'Registrar aquí'!C91) | D87: =IF(ISBLANK('Registrar aquí'!D91),"",'Registrar aquí'!D91) | E87: =IF(ISBLANK('Registrar aquí'!E91),"",'Registrar aquí'!E91)
B88: =IF(ISBLANK('Registrar aquí'!B92),"",'Registrar aquí'!B92) | C88: =IF(ISBLANK('Registrar aquí'!C92),"",'Registrar aquí'!C92) | D88: =IF(ISBLANK('Registrar aquí'!D92),"",'Registrar aquí'!D92) | E88: =IF(ISBLANK('Registrar aquí'!E92),"",'Registrar aquí'!E92)
B89: =IF(ISBLANK('Registrar aquí'!B93),"",'Registrar aquí'!B93) | C89: =IF(ISBLANK('Registrar aquí'!C93),"",'Registrar aquí'!C93) | D89: =IF(ISBLANK('Registrar aquí'!D93),"",'Registrar aquí'!D93) | E89: =IF(ISBLANK('Registrar aquí'!E93),"",'Registrar aquí'!E93)
B90: =IF(ISBLANK('Registrar aquí'!B94),"",'Registrar aquí'!B94) | C90: =IF(ISBLANK('Registrar aquí'!C94),"",'Registrar aquí'!C94) | D90: =IF(ISBLANK('Registrar aquí'!D94),"",'Registrar aquí'!D94) | E90: =IF(ISBLANK('Registrar aquí'!E94),"",'Registrar aquí'!E94)
B91: =IF(ISBLANK('Registrar aquí'!B95),"",'Registrar aquí'!B95) | C91: =IF(ISBLANK('Registrar aquí'!C95),"",'Registrar aquí'!C95) | D91: =IF(ISBLANK('Registrar aquí'!D95),"",'Registrar aquí'!D95) | E91: =IF(ISBLANK('Registrar aquí'!E95),"",'Registrar aquí'!E95)
B92: =IF(ISBLANK('Registrar aquí'!B96),"",'Registrar aquí'!B96) | C92: =IF(ISBLANK('Registrar aquí'!C96),"",'Registrar aquí'!C96) | D92: =IF(ISBLANK('Registrar aquí'!D96),"",'Registrar aquí'!D96) | E92: =IF(ISBLANK('Registrar aquí'!E96),"",'Registrar aquí'!E96)
B93: =IF(ISBLANK('Registrar aquí'!B97),"",'Registrar aquí'!B97) | C93: =IF(ISBLANK('Registrar aquí'!C97),"",'Registrar aquí'!C97) | D93: =IF(ISBLANK('Registrar aquí'!D97),"",'Registrar aquí'!D97) | E93: =IF(ISBLANK('Registrar aquí'!E97),"",'Registrar aquí'!E97)
B94: FAMILIAS EN MISIÓN
B95: Nombres y apellidos | C95: Zona de misión | D95: Teléfono fijo | E95: Celular
B96: =IF(ISBLANK('Registrar aquí'!B100),"",'Registrar aquí'!B100) | C96: =IF(ISBLANK('Registrar aquí'!C100),"",'Registrar aquí'!C100) | D96: =IF(ISBLANK('Registrar aquí'!D100),"",'Registrar aquí'!D100) | E96: =IF(ISBLANK('Registrar aquí'!E100),"",'Registrar aquí'!E100)
B97: =IF(ISBLANK('Registrar aquí'!B101),"",'Registrar aquí'!B101) | C97: =IF(ISBLANK('Registrar aquí'!C101),"",'Registrar aquí'!C101) | D97: =IF(ISBLANK('Registrar aquí'!D101),"",'Registrar aquí'!D101) | E97: =IF(ISBLANK('Registrar aquí'!E101),"",'Registrar aquí'!E101)
B98: =IF(ISBLANK('Registrar aquí'!B102),"",'Registrar aquí'!B102) | C98: =IF(ISBLANK('Registrar aquí'!C102),"",'Registrar aquí'!C102) | D98: =IF(ISBLANK('Registrar aquí'!D102),"",'Registrar aquí'!D102) | E98: =IF(ISBLANK('Registrar aquí'!E102),"",'Registrar aquí'!E102)
B99: =IF(ISBLANK('Registrar aquí'!B103),"",'Registrar aquí'!B103) | C99: =IF(ISBLANK('Registrar aquí'!C103),"",'Registrar aquí'!C103) | D99: =IF(ISBLANK('Registrar aquí'!D103),"",'Registrar aquí'!D103) | E99: =IF(ISBLANK('Registrar aquí'!E103),"",'Registrar aquí'!E103)
B100: =IF(ISBLANK('Registrar aquí'!B104),"",'Registrar aquí'!B104) | C100: =IF(ISBLANK('Registrar aquí'!C104),"",'Registrar aquí'!C104) | D100: =IF(ISBLANK('Registrar aquí'!D104),"",'Registrar aquí'!D104) | E100: =IF(ISBLANK('Registrar aquí'!E104),"",'Registrar aquí'!E104)
B101: =IF(ISBLANK('Registrar aquí'!B105),"",'Registrar aquí'!B105) | C101: =IF(ISBLANK('Registrar aquí'!C105),"",'Registrar aquí'!C105) | D101: =IF(ISBLANK('Registrar aquí'!D105),"",'Registrar aquí'!D105) | E101: =IF(ISBLANK('Registrar aquí'!E105),"",'Registrar aquí'!E105)
B102: =IF(ISBLANK('Registrar aquí'!B106),"",'Registrar aquí'!B106) | C102: =IF(ISBLANK('Registrar aquí'!C106),"",'Registrar aquí'!C106) | D102: =IF(ISBLANK('Registrar aquí'!D106),"",'Registrar aquí'!D106) | E102: =IF(ISBLANK('Registrar aquí'!E106),"",'Registrar aquí'!E106)
B103: =IF(ISBLANK('Registrar aquí'!B107),"",'Registrar aquí'!B107) | C103: =IF(ISBLANK('Registrar aquí'!C107),"",'Registrar aquí'!C107) | D103: =IF(ISBLANK('Registrar aquí'!D107),"",'Registrar aquí'!D107) | E103: =IF(ISBLANK('Registrar aquí'!E107),"",'Registrar aquí'!E107)
B104: SEMINARISTAS
B105: Nombres y apellidos | C105: Seminario | D105: Teléfono fijo | E105: Celular
B106: =IF(ISBLANK('Registrar aquí'!B110),"",'Registrar aquí'!B110) | C106: =IF(ISBLANK('Registrar aquí'!C110),"",'Registrar aquí'!C110) | D106: =IF(ISBLANK('Registrar aquí'!D110),"",'Registrar aquí'!D110) | E106: =IF(ISBLANK('Registrar aquí'!E110),"",'Registrar aquí'!E110)
B107: =IF(ISBLANK('Registrar aquí'!B111),"",'Registrar aquí'!B111) | C107: =IF(ISBLANK('Registrar aquí'!C111),"",'Registrar aquí'!C111) | D107: =IF(ISBLANK('Registrar aquí'!D111),"",'Registrar aquí'!D111) | E107: =IF(ISBLANK('Registrar aquí'!E111),"",'Registrar aquí'!E111)
...

Sheet Parámetros
A1: Diócesis | C1: Pasos | E1: Comunidad
A2: Arquidiócesis de Arequipa | C2: Convivencia de Inicio | E2: Primera | F2: 1 | G2: 1ra
A3: Arquidiócesis de Ayacucho | C3: Convivencia de Año | E3: Segunda | F3: 2 | G3: 2da
A4: Arquidiócesis de Cuzco | C4: I Escrutinio | E4: Tercera | F4: 3 | G4: 3ra
A5: Arquidiócesis de Huancayo | C5: Shema | E5: Cuarta | F5: 4 | G5: 4ta
A6: Arquidiócesis de Lima | C6: II Escrutinio | E6: Quinta | F6: 5 | G6: 5ta
A7: Arquidiócesis de Piura | C7: Iniciación a la Oración | E7: Sexta | F7: 6 | G7: 6ta
A8: Arquidiócesis de Trujillo | C8: Traditio | E8: Séptima | F8: 7 | G8: 7ma
A9: Diócesis de Abancay | C9: Re-traditio | E9: Octava | F9: 8 | G9: 8va
A10: Diócesis de Cajamarca | C10: Redditio | E10: Novena | F10: 9 | G10: 9na
A11: Diócesis de Callao | C11: I Padre Nuestro | E11: Décima | F11: 10 | G11: 10ma
A12: Diócesis de Carabayllo | C12: II Padre Nuestro | E12: Undécima | F12: 11 | G12: 11ma
A13: Diócesis de Chachapoyas | C13: III Padre Nuestro | E13: Duodécima | F13: 12 | G13: 12ma
... A18: Diócesis de Huacho | C18: Matrimonio espiritual | E18: Décimo séptima | F18: 17 | G18: 17ma
A19: Diócesis de Huancavélica | E19: Décimo octava | F19: 18 | G19: 18va
A20: Diócesis de Huánuco | E20: Décimo novena | F20: 19 | G20: 19na
A21: Diócesis de Huaraz | E21: Vigésima | F21: 20 | G21: 20ma
A22: Diócesis de Huarí | E22: Vigésimo primera | F22: 21 | G22: 21ra
A23: Diócesis de Ica | E23: Vigésimo segunda | F23: 22 | G23: 22da
A24: Diócesis de Lurín | E24: Vigésimo tercera | F24: 23 | G24: 23ra
A25: Diócesis de Puno | E25: Vigésimo cuarta | F25: 24 | G25: 24ta
A26: Diócesis de Tacna y Moquegua | E26: Vigésimo quinta | F26: 25 | G26: 25ta
A27: Diócesis de Tarma | E27: Vigésimo sexta | F27: 26 | G27: 26ta
A28: Obispado castrense | E28: Vigésimo séptima | F28: 27 | G28: 27ma
A29: Prelatura de Ayaviri | E29: Vigésimo octava | F29: 28 | G29: 28va
A30: Prelatura de Caravelí | E30: Vigésimo novena | F30: 29 | G30: 29na
A31: Prelatura de Chota | E31: Trigésima | F31: 30 | G31: 30ma
A32: Prelatura de Chuquibamba
A33: Prelatura de Chuquibambilla
A34: Prelatura de Huamachuco
A35: Prelatura de Juli
A36: Prelatura de Moyobamba
A37: Prelatura de Sicuani
A38: Prelatura de Yauyos
A39: Vicariato apostólico de Iquitos
A40: Vicariato apostólico de Jaén en Peru o San Francisco Javier
A41: Vicariato apostólico de Pucallpa
A42: Vicariato apostólico de Puerto Maldonado
A43: Vicariato apostólico de Requena
... A46: Vicariato apostólico de Yurimaguas
